mode,category,kernel_name,calls,total_ms,avg_ms_per_call,avg_ms_per_decode_step,pct_of_mode_kernel_time
none,other,ampere_bf16_s16816gemm_bf16_64x64_sliced1x2_ldg8_f2f_stages_64x5_tn,1568,192.186733,0.1225681,6.00583540625,33.548676707915504
none,other,ampere_bf16_s16816gemm_bf16_128x64_ldg8_f2f_stages_64x4_tn,768,78.544947,0.1022721,2.45452959375,13.711035058509255
none,other,"void at::native::elementwise_kernel<(int)128, (int)4, void at::native::gpu_kernel_impl_nocast<at::native::direct_copy_kernel_cuda(at::TensorIteratorBase &)::[lambda() (instance 3)]::operator ()() const::[lambda() (instance 12)]::operator ()() const::[lambda(c10::BFloat16) (instance 1)]>(at::TensorIteratorBase &, const T1 &)::[lambda(int) (instance 1)]>(int, T3)",368,65.18296,0.1771276,2.0369675,11.378527631795416
none,other,ampere_bf16_s16816gemm_bf16_64x64_sliced1x2_ldg8_f2f_stages_64x6_tn,1024,55.029808,0.05374,1.7196815,9.6061638026318
none,attention_baseline,"fmha_cutlassF_bf16_aligned_64x128_rf_sm80(PyTorchMemEffAttention::AttentionKernel<cutlass::bfloat16_t, cutlass::arch::Sm80, (bool)1, (int)64, (int)128, (int)128, (bool)1, (bool)1>::Params)",128,39.467222,0.3083377,1.2333506875,6.8895133954825605
none,mamba_state_update_baseline,_selective_scan_update_kernel,768,27.70722,0.0360771,0.865850625,4.836653143248397
none,other,"void at::native::<unnamed>::CatArrayBatchedCopy_contig<at::native::<unnamed>::OpaqueType<(unsigned int)2>, unsigned int, (int)4, (int)128, (int)1>(T1 *, at::native::<unnamed>::CatArrInputTensorMetadata<T1, T2, T4, T5>, at::native::<unnamed>::TensorSizeStride<T2, (unsigned int)4>, int, T2)",256,26.729412,0.1044118,0.835294125,4.66596412656995
none,other,"void at::native::unrolled_elementwise_kernel<at::native::direct_copy_kernel_cuda(at::TensorIteratorBase &)::[lambda() (instance 3)]::operator ()() const::[lambda() (instance 7)]::operator ()() const::[lambda(float) (instance 1)], std::array<char *, (unsigned long)2>, (int)4, TrivialOffsetCalculator<(int)1, unsigned int>, TrivialOffsetCalculator<(int)1, unsigned int>, at::native::memory::LoadWithCast<(int)1>, at::native::memory::StoreWithCast<(int)1>>(int, T1, T2, T4, T5, T6, T7)",4192,17.54017,0.0041842,0.5481303125,3.0618632386652735
none,other,"void at::native::reduce_kernel<(int)512, (int)1, at::native::ReduceOp<float, at::native::MeanOps<float, float, float, float>, unsigned int, float, (int)4>>(T3)",1696,13.770617,0.0081195,0.43033178125,2.403839071459346
none,other,"void at::native::elementwise_kernel<(int)128, (int)2, void at::native::gpu_kernel_impl_nocast<at::native::BinaryFunctor<float, float, float, at::native::binary_internal::MulFunctor<float>>>(at::TensorIteratorBase &, const T1 &)::[lambda(int) (instance 1)]>(int, T3)",3392,11.013132,0.0032468,0.344160375,1.9224844464659219
none,other,"void cublasLt::splitKreduce_kernel<(int)32, (int)16, int, __nv_bfloat16, __nv_bfloat16, float, __nv_bfloat16, (bool)1, (bool)0, (bool)0>(cublasLt::cublasSplitKParams<T6>, const T4 *, const T5 *, T5 *, const T6 *, const T6 *, const T7 *, const T4 *, T7 *, void *, long, T6 *, int *)",1536,7.835622,0.0051013000000000005,0.2448631875,1.367809032288562
none,other,"void at::native::vectorized_elementwise_kernel<(int)4, at::native::CUDAFunctor_add<c10::BFloat16>, std::array<char *, (unsigned long)3>>(int, T2, T3)",1664,4.38691,0.0026364,0.1370909375,0.7657918059136871
none,mamba_conv_update,"void causal_conv1d_update_kernel<Causal_conv1d_update_kernel_traits<(int)64, (int)4, c10::BFloat16, c10::BFloat16>, (bool)0>(ConvParamsBase)",768,4.084081,0.0053178,0.12762753125,0.7129290923423953
none,other,"void at::native::vectorized_elementwise_kernel<(int)4, at::native::bfloat16_copy_kernel_cuda(at::TensorIteratorBase &)::[lambda(float) (instance 1)], std::array<char *, (unsigned long)2>>(int, T2, T3)",1696,3.49879,0.002063,0.1093371875,0.6107589881289448
none,other,"void at::native::vectorized_elementwise_kernel<(int)4, void at::native::<unnamed>::pow_tensor_scalar_kernel_impl<float, float>(at::TensorIteratorBase &, T2)::[lambda(float) (instance 1)], std::array<char *, (unsigned long)2>>(int, T2, T3)",1696,3.351285,0.001976,0.10472765625,0.5850100850670406
none,other,"void at::native::vectorized_elementwise_kernel<(int)4, at::native::rsqrt_kernel_cuda(at::TensorIteratorBase &)::[lambda() (instance 2)]::operator ()() const::[lambda() (instance 2)]::operator ()() const::[lambda(float) (instance 1)], std::array<char *, (unsigned long)2>>(int, T2, T3)",1696,3.138841,0.0018507,0.09808878125,0.5479252407425553
none,other,"void at::native::vectorized_elementwise_kernel<(int)4, at::native::CUDAFunctorOnSelf_add<float>, std::array<char *, (unsigned long)2>>(int, T2, T3)",1696,3.025277,0.0017837999999999999,0.09453990625,0.5281011776442055
none,other,_layer_norm_fwd_1pass_kernel,768,2.809204,0.0036578,0.087787625,0.4903828444941778
none,other,void cutlass::Kernel2<cutlass_80_tensorop_s16816gemm_bf16_64x64_64x6_tn_align8>(T1::Params),256,2.416157,0.0094381,0.07550490625,0.42177141368320675
none,other,"void at::native::vectorized_elementwise_kernel<(int)4, at::native::<unnamed>::launch_clamp_scalar(at::TensorIteratorBase &, c10::Scalar, c10::Scalar, at::native::detail::ClampLimits)::[lambda() (instance 1)]::operator ()() const::[lambda() (instance 9)]::operator ()() const::[lambda(c10::BFloat16) (instance 1)], std::array<char *, (unsigned long)2>>(int, T2, T3)",768,2.36411,0.0030783000000000004,0.0738784375,0.4126859375457
none,other,"void at::native::vectorized_elementwise_kernel<(int)4, void at::native::<unnamed>::pow_tensor_scalar_kernel_impl<c10::BFloat16, c10::BFloat16>(at::TensorIteratorBase &, T2)::[lambda(c10::BFloat16) (instance 1)], std::array<char *, (unsigned long)2>>(int, T2, T3)",768,1.891937,0.0024635,0.05912303125,0.3302620413696482
none,other,"void at::native::vectorized_elementwise_kernel<(int)4, at::native::exp_kernel_cuda(at::TensorIteratorBase &)::[lambda() (instance 2)]::operator ()() const::[lambda() (instance 2)]::operator ()() const::[lambda(float) (instance 1)], std::array<char *, (unsigned long)2>>(int, T2, T3)",768,1.499596,0.0019525999999999999,0.046862375,0.26177385197803044
none,other,"void at::native::vectorized_elementwise_kernel<(int)4, at::native::neg_kernel_cuda(at::TensorIteratorBase &)::[lambda() (instance 2)]::operator ()() const::[lambda() (instance 7)]::operator ()() const::[lambda(float) (instance 1)], std::array<char *, (unsigned long)2>>(int, T2, T3)",768,1.379369,0.0017961,0.04310528125,0.2407866761641695
none,other,"void at::native::unrolled_elementwise_kernel<void at::native::compare_scalar_kernel<long>(at::TensorIteratorBase &, at::native::<unnamed>::OpType, T1)::[lambda(long) (instance 1)], std::array<char *, (unsigned long)2>, (int)4, TrivialOffsetCalculator<(int)1, unsigned int>, TrivialOffsetCalculator<(int)1, unsigned int>, at::native::memory::LoadWithoutCast, at::native::memory::StoreWithoutCast>(int, T1, T2, T4, T5, T6, T7)",400,1.072295,0.0026807,0.03350921875,0.1871829430105056
none,other,"void cublasLt::splitKreduce_kernel<(int)32, (int)16, int, float, __nv_bfloat16, float, __nv_bfloat16, (bool)1, (bool)0, (bool)0>(cublasLt::cublasSplitKParams<T6>, const T4 *, const T5 *, T5 *, const T6 *, const T6 *, const T7 *, const T4 *, T7 *, void *, long, T6 *, int *)",256,0.729612,0.00285,0.022800375,0.12736319894784645
none,other,"void at::native::vectorized_elementwise_kernel<(int)2, void at::native::compare_scalar_kernel<long>(at::TensorIteratorBase &, at::native::<unnamed>::OpType, T1)::[lambda(long) (instance 1)], std::array<char *, (unsigned long)2>>(int, T2, T3)",200,0.550559,0.0027528,0.01720496875,0.09610718498260362
none,other,"void at::native::vectorized_elementwise_kernel<(int)4, void at::native::compare_scalar_kernel<long>(at::TensorIteratorBase &, at::native::<unnamed>::OpType, T1)::[lambda(long) (instance 1)], std::array<char *, (unsigned long)2>>(int, T2, T3)",200,0.544709,0.0027235,0.01702215625,0.09508599191855739
none,other,"void at::native::<unnamed>::indexSelectSmallIndex<c10::BFloat16, long, unsigned int, (int)-1, (int)-1, (int)-1>(at::cuda::detail::TensorInfo<T1, T3>, at::cuda::detail::TensorInfo<const T1, T3>, at::cuda::detail::TensorInfo<const T2, T3>, int, int, T3, long)",32,0.402882,0.0125901,0.0125900625,0.07032825709898723
none,other,"void at::native::vectorized_elementwise_kernel<(int)4, at::native::FillFunctor<c10::BFloat16>, std::array<char *, (unsigned long)1>>(int, T2, T3)",144,0.292421,0.0020307,0.00913815625,0.051045862731874204
none,other,"void at::native::unrolled_elementwise_kernel<at::native::BinaryFunctor<c10::BFloat16, c10::BFloat16, c10::BFloat16, at::native::binary_internal::MulFunctor<float>>, std::array<char *, (unsigned long)3>, (int)4, TrivialOffsetCalculator<(int)2, unsigned int>, TrivialOffsetCalculator<(int)1, unsigned int>, at::native::memory::LoadWithCast<(int)2>, at::native::memory::StoreWithCast<(int)1>>(int, T1, T2, T4, T5, T6, T7)",32,0.1768,0.005525,0.005525,0.030862723713397332
none,other,"void at::native::elementwise_kernel<(int)128, (int)4, void at::native::gpu_kernel_impl_nocast<at::native::<unnamed>::CompareFunctor<long>>(at::TensorIteratorBase &, const T1 &)::[lambda(int) (instance 1)]>(int, T3)",32,0.108581,0.0033932,0.00339315625,0.01895421608328278
none,other,"void <unnamed>::elementwise_kernel_with_index<int, at::native::arange_cuda_out(const c10::Scalar &, const c10::Scalar &, const c10::Scalar &, at::Tensor &)::[lambda() (instance 1)]::operator ()() const::[lambda() (instance 4)]::operator ()() const::[lambda(long) (instance 1)]>(T1, T2, function_traits<T2>::result_type *)",32,0.056927,0.001779,0.00177896875,0.00993734317212992
none,other,"void at::native::unrolled_elementwise_kernel<at::native::CUDAFunctorOnSelf_add<long>, std::array<char *, (unsigned long)2>, (int)4, TrivialOffsetCalculator<(int)1, unsigned int>, TrivialOffsetCalculator<(int)1, unsigned int>, at::native::memory::LoadWithoutCast, at::native::memory::StoreWithoutCast>(int, T1, T2, T4, T5, T6, T7)",16,0.035232,0.002202,0.001101,0.006150200689312301
none,other,"void at::native::vectorized_elementwise_kernel<(int)4, at::native::CUDAFunctorOnSelf_add<long>, std::array<char *, (unsigned long)2>>(int, T2, T3)",8,0.018017,0.0022521,0.00056303125,0.003145100074345473
none,other,"void at::native::vectorized_elementwise_kernel<(int)2, at::native::CUDAFunctorOnSelf_add<long>, std::array<char *, (unsigned long)2>>(int, T2, T3)",8,0.01792,0.00224,0.00056,0.0031281674714031676
kv_int4,other,ampere_bf16_s16816gemm_bf16_64x64_sliced1x2_ldg8_f2f_stages_64x5_tn,1568,192.470459,0.122749,6.01470184375,32.34115786241053
kv_int4,attention_kv_int4,_int4_decode_attention_kernel,128,151.28496,1.1819138,4.727655,25.420684290925198
kv_int4,other,ampere_bf16_s16816gemm_bf16_128x64_ldg8_f2f_stages_64x4_tn,768,78.571005,0.102306,2.45534390625,13.20242747544571
kv_int4,other,ampere_bf16_s16816gemm_bf16_64x64_sliced1x2_ldg8_f2f_stages_64x6_tn,1024,55.173016,0.0538799,1.72415675,9.270821244320416
kv_int4,mamba_state_update_baseline,_selective_scan_update_kernel,768,27.758304,0.0361436,0.867447,4.664277813442434
kv_int4,other,"void at::native::unrolled_elementwise_kernel<at::native::direct_copy_kernel_cuda(at::TensorIteratorBase &)::[lambda() (instance 3)]::operator ()() const::[lambda() (instance 7)]::operator ()() const::[lambda(float) (instance 1)], std::array<char *, (unsigned long)2>, (int)4, TrivialOffsetCalculator<(int)1, unsigned int>, TrivialOffsetCalculator<(int)1, unsigned int>, at::native::memory::LoadWithCast<(int)1>, at::native::memory::StoreWithCast<(int)1>>(int, T1, T2, T4, T5, T6, T7)",4192,17.45045,0.0041628,0.5453265625,2.9322305415196306
kv_int4,other,"void at::native::reduce_kernel<(int)512, (int)1, at::native::ReduceOp<float, at::native::MeanOps<float, float, float, float>, unsigned int, float, (int)4>>(T3)",1696,13.770046,0.0081191,0.4303139375,2.313805629042817
kv_int4,other,"void at::native::elementwise_kernel<(int)128, (int)2, void at::native::gpu_kernel_impl_nocast<at::native::BinaryFunctor<float, float, float, at::native::binary_internal::MulFunctor<float>>>(at::TensorIteratorBase &, const T1 &)::[lambda(int) (instance 1)]>(int, T3)",3392,10.993136,0.0032409,0.3435355,1.8471964405662284
kv_int4,other,"void cublasLt::splitKreduce_kernel<(int)32, (int)16, int, __nv_bfloat16, __nv_bfloat16, float, __nv_bfloat16, (bool)1, (bool)0, (bool)0>(cublasLt::cublasSplitKParams<T6>, const T4 *, const T5 *, T5 *, const T6 *, const T6 *, const T7 *, const T4 *, T7 *, void *, long, T6 *, int *)",1536,7.834747,0.0051007,0.24483584375,1.316486648681226
kv_int4,other,"void at::native::vectorized_elementwise_kernel<(int)4, at::native::CUDAFunctor_add<c10::BFloat16>, std::array<char *, (unsigned long)3>>(int, T2, T3)",1664,4.397853,0.0026429,0.13743290625,0.7389791600625617
kv_int4,mamba_conv_update,"void causal_conv1d_update_kernel<Causal_conv1d_update_kernel_traits<(int)64, (int)4, c10::BFloat16, c10::BFloat16>, (bool)0>(ConvParamsBase)",768,4.086219,0.0053206,0.12769434375,0.6866147377940284
kv_int4,other,"void at::native::vectorized_elementwise_kernel<(int)4, at::native::bfloat16_copy_kernel_cuda(at::TensorIteratorBase &)::[lambda(float) (instance 1)], std::array<char *, (unsigned long)2>>(int, T2, T3)",1696,3.516553,0.0020734,0.10989228125,0.5908927338534239
kv_int4,other,"void at::native::vectorized_elementwise_kernel<(int)4, void at::native::<unnamed>::pow_tensor_scalar_kernel_impl<float, float>(at::TensorIteratorBase &, T2)::[lambda(float) (instance 1)], std::array<char *, (unsigned long)2>>(int, T2, T3)",1696,3.346095,0.0019729,0.10456546875,0.5622503691209183
kv_int4,other,"void at::native::vectorized_elementwise_kernel<(int)4, at::native::rsqrt_kernel_cuda(at::TensorIteratorBase &)::[lambda() (instance 2)]::operator ()() const::[lambda() (instance 2)]::operator ()() const::[lambda(float) (instance 1)], std::array<char *, (unsigned long)2>>(int, T2, T3)",1696,3.242631,0.0019119,0.10133221875,0.5448651268636819
kv_int4,other,"void at::native::vectorized_elementwise_kernel<(int)4, at::native::CUDAFunctorOnSelf_add<float>, std::array<char *, (unsigned long)2>>(int, T2, T3)",1696,3.149457,0.001857,0.09842053125,0.5292089318385939
kv_int4,other,_layer_norm_fwd_1pass_kernel,768,2.743823,0.0035727,0.08574446875,0.4610495202773577
kv_int4,other,void cutlass::Kernel2<cutlass_80_tensorop_s16816gemm_bf16_64x64_64x6_tn_align8>(T1::Params),256,2.421377,0.0094585,0.07566803125,0.40686833817656154
kv_int4,other,"void at::native::vectorized_elementwise_kernel<(int)4, at::native::<unnamed>::launch_clamp_scalar(at::TensorIteratorBase &, c10::Scalar, c10::Scalar, at::native::detail::ClampLimits)::[lambda() (instance 1)]::operator ()() const::[lambda() (instance 9)]::operator ()() const::[lambda(c10::BFloat16) (instance 1)], std::array<char *, (unsigned long)2>>(int, T2, T3)",768,2.381904,0.0031014000000000003,0.0744345,0.4002356188962333
kv_int4,other,"void at::native::vectorized_elementwise_kernel<(int)4, void at::native::<unnamed>::pow_tensor_scalar_kernel_impl<c10::BFloat16, c10::BFloat16>(at::TensorIteratorBase &, T2)::[lambda(c10::BFloat16) (instance 1)], std::array<char *, (unsigned long)2>>(int, T2, T3)",768,1.900976,0.0024752,0.0594055,0.31942442091154216
kv_int4,other,"void at::native::vectorized_elementwise_kernel<(int)4, at::native::exp_kernel_cuda(at::TensorIteratorBase &)::[lambda() (instance 2)]::operator ()() const::[lambda() (instance 2)]::operator ()() const::[lambda(float) (instance 1)], std::array<char *, (unsigned long)2>>(int, T2, T3)",768,1.536238,0.0020003,0.0480074375,0.2581368378834376
kv_int4,other,"void at::native::vectorized_elementwise_kernel<(int)4, at::native::neg_kernel_cuda(at::TensorIteratorBase &)::[lambda() (instance 2)]::operator ()() const::[lambda() (instance 7)]::operator ()() const::[lambda(float) (instance 1)], std::array<char *, (unsigned long)2>>(int, T2, T3)",768,1.420452,0.0018495,0.044389125,0.23868110777444948
kv_int4,other,"void at::native::unrolled_elementwise_kernel<void at::native::compare_scalar_kernel<long>(at::TensorIteratorBase &, at::native::<unnamed>::OpType, T1)::[lambda(long) (instance 1)], std::array<char *, (unsigned long)2>, (int)4, TrivialOffsetCalculator<(int)1, unsigned int>, TrivialOffsetCalculator<(int)1, unsigned int>, at::native::memory::LoadWithoutCast, at::native::memory::StoreWithoutCast>(int, T1, T2, T4, T5, T6, T7)",400,1.07164,0.0026791,0.03348875,0.18006959920885116
kv_int4,other,"void at::native::reduce_kernel<(int)512, (int)1, at::native::ReduceOp<long, at::native::func_wrapper_t<long, at::native::MaxNanFunctor<long>>, unsigned int, long, (int)4>>(T3)",256,1.032064,0.0040315,0.032252,0.17341957265302133
kv_int4,kv_int4_pack,_pack_int4_kv_kernel,256,0.872966,0.00341,0.0272801875,0.14668604917971892
kv_int4,other,"void cublasLt::splitKreduce_kernel<(int)32, (int)16, int, float, __nv_bfloat16, float, __nv_bfloat16, (bool)1, (bool)0, (bool)0>(cublasLt::cublasSplitKParams<T6>, const T4 *, const T5 *, T5 *, const T6 *, const T6 *, const T7 *, const T4 *, T7 *, void *, long, T6 *, int *)",256,0.728514,0.0028458000000000003,0.0227660625,0.12241351946366036
kv_int4,other,"void at::native::vectorized_elementwise_kernel<(int)2, void at::native::compare_scalar_kernel<long>(at::TensorIteratorBase &, at::native::<unnamed>::OpType, T1)::[lambda(long) (instance 1)], std::array<char *, (unsigned long)2>>(int, T2, T3)",200,0.551424,0.0027570999999999997,0.017232,0.09265676782701425
kv_int4,other,"void at::native::vectorized_elementwise_kernel<(int)4, void at::native::compare_scalar_kernel<long>(at::TensorIteratorBase &, at::native::<unnamed>::OpType, T1)::[lambda(long) (instance 1)], std::array<char *, (unsigned long)2>>(int, T2, T3)",200,0.547412,0.0027371,0.017106625,0.09198262424145762
kv_int4,other,"void at::native::<unnamed>::indexSelectSmallIndex<c10::BFloat16, long, unsigned int, (int)-1, (int)-1, (int)-1>(at::cuda::detail::TensorInfo<T1, T3>, at::cuda::detail::TensorInfo<const T1, T3>, at::cuda::detail::TensorInfo<const T2, T3>, int, int, T3, long)",32,0.402305,0.012572,0.01257203125,0.06760003369575311
kv_int4,other,"void at::native::unrolled_elementwise_kernel<at::native::BinaryFunctor<c10::BFloat16, c10::BFloat16, c10::BFloat16, at::native::binary_internal::MulFunctor<float>>, std::array<char *, (unsigned long)3>, (int)4, TrivialOffsetCalculator<(int)2, unsigned int>, TrivialOffsetCalculator<(int)1, unsigned int>, at::native::memory::LoadWithCast<(int)2>, at::native::memory::StoreWithCast<(int)1>>(int, T1, T2, T4, T5, T6, T7)",32,0.176643,0.0055201,0.00552009375,0.029681641421605294
kv_int4,other,"void at::native::elementwise_kernel<(int)128, (int)4, void at::native::gpu_kernel_impl_nocast<at::native::<unnamed>::CompareFunctor<long>>(at::TensorIteratorBase &, const T1 &)::[lambda(int) (instance 1)]>(int, T3)",32,0.108611,0.0033940999999999997,0.00339409375,0.018250101936912146
kv_int4,other,"void <unnamed>::elementwise_kernel_with_index<int, at::native::arange_cuda_out(const c10::Scalar &, const c10::Scalar &, const c10::Scalar &, at::Tensor &)::[lambda() (instance 1)]::operator ()() const::[lambda() (instance 4)]::operator ()() const::[lambda(long) (instance 1)]>(T1, T2, function_traits<T2>::result_type *)",32,0.057027,0.0017821,0.00178209375,0.009582349514840017
kv_int4,other,"void at::native::vectorized_elementwise_kernel<(int)4, at::native::FillFunctor<c10::BFloat16>, std::array<char *, (unsigned long)1>>(int, T2, T3)",32,0.055714,0.0017411,0.0017410625,0.009361723760145135
kv_int4,other,"void at::native::unrolled_elementwise_kernel<at::native::CUDAFunctorOnSelf_add<long>, std::array<char *, (unsigned long)2>, (int)4, TrivialOffsetCalculator<(int)1, unsigned int>, TrivialOffsetCalculator<(int)1, unsigned int>, at::native::memory::LoadWithoutCast, at::native::memory::StoreWithoutCast>(int, T1, T2, T4, T5, T6, T7)",16,0.035423,0.0022139,0.00110696875,0.0059521904863341565
kv_int4,other,"void at::native::vectorized_elementwise_kernel<(int)4, at::native::CUDAFunctorOnSelf_add<long>, std::array<char *, (unsigned long)2>>(int, T2, T3)",8,0.018048,0.002256,0.000564,0.0030326379441989347
kv_int4,other,"void at::native::vectorized_elementwise_kernel<(int)2, at::native::CUDAFunctorOnSelf_add<long>, std::array<char *, (unsigned long)2>>(int, T2, T3)",8,0.017951,0.0022439,0.00056096875,0.003016338859503273
state_mx8,other,ampere_bf16_s16816gemm_bf16_64x64_sliced1x2_ldg8_f2f_stages_64x5_tn,1568,192.266644,0.122619,6.008332625,28.03219395991276
state_mx8,mamba_state_update_requant_mx8,_state_update_requant_mx8_row_kernel,768,143.750428,0.187175,4.492200875,20.958601012022
state_mx8,other,ampere_bf16_s16816gemm_bf16_128x64_ldg8_f2f_stages_64x4_tn,768,78.54161,0.1022677,2.4544253125,11.451251239626483
state_mx8,other,"void at::native::elementwise_kernel<(int)128, (int)4, void at::native::gpu_kernel_impl_nocast<at::native::direct_copy_kernel_cuda(at::TensorIteratorBase &)::[lambda() (instance 3)]::operator ()() const::[lambda() (instance 12)]::operator ()() const::[lambda(c10::BFloat16) (instance 1)]>(at::TensorIteratorBase &, const T1 &)::[lambda(int) (instance 1)]>(int, T3)",368,65.151466,0.177042,2.0359833125,9.49898793513378
state_mx8,other,ampere_bf16_s16816gemm_bf16_64x64_sliced1x2_ldg8_f2f_stages_64x6_tn,1024,52.680267,0.0514456,1.64625834375,7.680705460298102
state_mx8,attention_baseline,"fmha_cutlassF_bf16_aligned_64x128_rf_sm80(PyTorchMemEffAttention::AttentionKernel<cutlass::bfloat16_t, cutlass::arch::Sm80, (bool)1, (int)64, (int)128, (int)128, (bool)1, (bool)1>::Params)",128,39.349206,0.3074157,1.2296626875,5.73705637032164
state_mx8,other,"void at::native::<unnamed>::CatArrayBatchedCopy_contig<at::native::<unnamed>::OpaqueType<(unsigned int)2>, unsigned int, (int)4, (int)128, (int)1>(T1 *, at::native::<unnamed>::CatArrInputTensorMetadata<T1, T2, T4, T5>, at::native::<unnamed>::TensorSizeStride<T2, (unsigned int)4>, int, T2)",256,26.743393,0.1044664,0.83573103125,3.899147372240882
state_mx8,other,"void at::native::unrolled_elementwise_kernel<at::native::direct_copy_kernel_cuda(at::TensorIteratorBase &)::[lambda() (instance 3)]::operator ()() const::[lambda() (instance 7)]::operator ()() const::[lambda(float) (instance 1)], std::array<char *, (unsigned long)2>, (int)4, TrivialOffsetCalculator<(int)1, unsigned int>, TrivialOffsetCalculator<(int)1, unsigned int>, at::native::memory::LoadWithCast<(int)1>, at::native::memory::StoreWithCast<(int)1>>(int, T1, T2, T4, T5, T6, T7)",4192,17.430585,0.0041581000000000005,0.54470578125,2.5413536606731744
state_mx8,other,"void at::native::reduce_kernel<(int)512, (int)1, at::native::ReduceOp<float, at::native::MeanOps<float, float, float, float>, unsigned int, float, (int)4>>(T3)",1696,13.739638,0.0081012,0.4293636875,2.003219015748711
state_mx8,other,"void at::native::elementwise_kernel<(int)128, (int)2, void at::native::gpu_kernel_impl_nocast<at::native::BinaryFunctor<float, float, float, at::native::binary_internal::MulFunctor<float>>>(at::TensorIteratorBase &, const T1 &)::[lambda(int) (instance 1)]>(int, T3)",3392,11.028589,0.0032514,0.34464340625,1.6079520582476088
state_mx8,other,"void cublasLt::splitKreduce_kernel<(int)32, (int)16, int, __nv_bfloat16, __nv_bfloat16, float, __nv_bfloat16, (bool)1, (bool)0, (bool)0>(cublasLt::cublasSplitKParams<T6>, const T4 *, const T5 *, T5 *, const T6 *, const T6 *, const T7 *, const T4 *, T7 *, void *, long, T6 *, int *)",1536,7.808747,0.0050838,0.24402334375,1.138503829545633
state_mx8,other,"void at::native::vectorized_elementwise_kernel<(int)4, at::native::CUDAFunctor_add<c10::BFloat16>, std::array<char *, (unsigned long)3>>(int, T2, T3)",1664,4.380925,0.0026328000000000002,0.13690390625,0.6387324226860215
state_mx8,mamba_conv_update,"void causal_conv1d_update_kernel<Causal_conv1d_update_kernel_traits<(int)64, (int)4, c10::BFloat16, c10::BFloat16>, (bool)0>(ConvParamsBase)",768,4.07962,0.005312,0.127488125,0.5948025967662872
state_mx8,other,"void at::native::vectorized_elementwise_kernel<(int)4, at::native::bfloat16_copy_kernel_cuda(at::TensorIteratorBase &)::[lambda(float) (instance 1)], std::array<char *, (unsigned long)2>>(int, T2, T3)",1696,3.499102,0.0020631,0.1093469375,0.510163926039707
state_mx8,other,"void at::native::vectorized_elementwise_kernel<(int)4, void at::native::<unnamed>::pow_tensor_scalar_kernel_impl<float, float>(at::TensorIteratorBase &, T2)::[lambda(float) (instance 1)], std::array<char *, (unsigned long)2>>(int, T2, T3)",1696,3.339229,0.0019689,0.10435090625,0.48685467773892965
state_mx8,other,"void at::native::vectorized_elementwise_kernel<(int)4, at::native::rsqrt_kernel_cuda(at::TensorIteratorBase &)::[lambda() (instance 2)]::operator ()() const::[lambda() (instance 2)]::operator ()() const::[lambda(float) (instance 1)], std::array<char *, (unsigned long)2>>(int, T2, T3)",1696,3.153905,0.0018595999999999999,0.09855953125,0.45983471106479945
state_mx8,other,"void at::native::vectorized_elementwise_kernel<(int)4, at::native::CUDAFunctorOnSelf_add<float>, std::array<char *, (unsigned long)2>>(int, T2, T3)",1696,3.074628,0.0018129,0.096082125,0.44827624104459146
state_mx8,other,void cutlass::Kernel2<cutlass_80_tensorop_s16816gemm_bf16_64x64_64x6_tn_align8>(T1::Params),256,2.419532,0.0094513,0.075610375,0.35276420758774796
state_mx8,other,"void at::native::vectorized_elementwise_kernel<(int)4, at::native::<unnamed>::launch_clamp_scalar(at::TensorIteratorBase &, c10::Scalar, c10::Scalar, at::native::detail::ClampLimits)::[lambda() (instance 1)]::operator ()() const::[lambda() (instance 9)]::operator ()() const::[lambda(c10::BFloat16) (instance 1)], std::array<char *, (unsigned long)2>>(int, T2, T3)",768,2.372641,0.0030894,0.07414503125,0.3459275687427163
state_mx8,other,_layer_norm_fwd_1pass_kernel,768,2.283167,0.0029729,0.07134896875,0.33288239111757806
state_mx8,other,"void at::native::vectorized_elementwise_kernel<(int)4, void at::native::<unnamed>::pow_tensor_scalar_kernel_impl<c10::BFloat16, c10::BFloat16>(at::TensorIteratorBase &, T2)::[lambda(c10::BFloat16) (instance 1)], std::array<char *, (unsigned long)2>>(int, T2, T3)",768,1.892618,0.0024643,0.0591443125,0.27594092123448183
state_mx8,other,"void at::native::vectorized_elementwise_kernel<(int)4, at::native::exp_kernel_cuda(at::TensorIteratorBase &)::[lambda() (instance 2)]::operator ()() const::[lambda() (instance 2)]::operator ()() const::[lambda(float) (instance 1)], std::array<char *, (unsigned long)2>>(int, T2, T3)",768,1.500028,0.0019532,0.046875875,0.21870187655275253
state_mx8,other,"void at::native::vectorized_elementwise_kernel<(int)4, at::native::neg_kernel_cuda(at::TensorIteratorBase &)::[lambda() (instance 2)]::operator ()() const::[lambda() (instance 7)]::operator ()() const::[lambda(float) (instance 1)], std::array<char *, (unsigned long)2>>(int, T2, T3)",768,1.380042,0.0017969000000000001,0.0431263125,0.20120809419665076
state_mx8,other,"void at::native::unrolled_elementwise_kernel<void at::native::compare_scalar_kernel<long>(at::TensorIteratorBase &, at::native::<unnamed>::OpType, T1)::[lambda(long) (instance 1)], std::array<char *, (unsigned long)2>, (int)4, TrivialOffsetCalculator<(int)1, unsigned int>, TrivialOffsetCalculator<(int)1, unsigned int>, at::native::memory::LoadWithoutCast, at::native::memory::StoreWithoutCast>(int, T1, T2, T4, T5, T6, T7)",400,1.07331,0.0026833,0.0335409375,0.15648701965752293
state_mx8,other,"void cublasLt::splitKreduce_kernel<(int)32, (int)16, int, float, __nv_bfloat16, float, __nv_bfloat16, (bool)1, (bool)0, (bool)0>(cublasLt::cublasSplitKParams<T6>, const T4 *, const T5 *, T5 *, const T6 *, const T6 *, const T7 *, const T4 *, T7 *, void *, long, T6 *, int *)",256,0.728611,0.0028461,0.02276909375,0.10623041235028784
state_mx8,other,"void at::native::vectorized_elementwise_kernel<(int)2, void at::native::compare_scalar_kernel<long>(at::TensorIteratorBase &, at::native::<unnamed>::OpType, T1)::[lambda(long) (instance 1)], std::array<char *, (unsigned long)2>>(int, T2, T3)",200,0.55328,0.0027664,0.01729,0.0806674103810775
state_mx8,other,"void at::native::vectorized_elementwise_kernel<(int)4, void at::native::compare_scalar_kernel<long>(at::TensorIteratorBase &, at::native::<unnamed>::OpType, T1)::[lambda(long) (instance 1)], std::array<char *, (unsigned long)2>>(int, T2, T3)",200,0.546997,0.002735,0.01709365625,0.07975135822046386
state_mx8,other,"void at::native::<unnamed>::indexSelectSmallIndex<c10::BFloat16, long, unsigned int, (int)-1, (int)-1, (int)-1>(at::cuda::detail::TensorInfo<T1, T3>, at::cuda::detail::TensorInfo<const T1, T3>, at::cuda::detail::TensorInfo<const T2, T3>, int, int, T3, long)",32,0.404834,0.0126511,0.0126510625,0.05902420187646965
state_mx8,other,"void at::native::vectorized_elementwise_kernel<(int)4, at::native::FillFunctor<c10::BFloat16>, std::array<char *, (unsigned long)1>>(int, T2, T3)",144,0.291365,0.0020234000000000003,0.00910515625,0.0424805885368758
state_mx8,other,"void at::native::unrolled_elementwise_kernel<at::native::BinaryFunctor<c10::BFloat16, c10::BFloat16, c10::BFloat16, at::native::binary_internal::MulFunctor<float>>, std::array<char *, (unsigned long)3>, (int)4, TrivialOffsetCalculator<(int)2, unsigned int>, TrivialOffsetCalculator<(int)1, unsigned int>, at::native::memory::LoadWithCast<(int)2>, at::native::memory::StoreWithCast<(int)1>>(int, T1, T2, T4, T5, T6, T7)",32,0.177057,0.005533,0.00553303125,0.02581465023106282
state_mx8,other,"void at::native::elementwise_kernel<(int)128, (int)4, void at::native::gpu_kernel_impl_nocast<at::native::<unnamed>::CompareFunctor<long>>(at::TensorIteratorBase &, const T1 &)::[lambda(int) (instance 1)]>(int, T3)",32,0.108476,0.0033899,0.003389875,0.01581564128198699
state_mx8,other,"void <unnamed>::elementwise_kernel_with_index<int, at::native::arange_cuda_out(const c10::Scalar &, const c10::Scalar &, const c10::Scalar &, at::Tensor &)::[lambda() (instance 1)]::operator ()() const::[lambda() (instance 4)]::operator ()() const::[lambda(long) (instance 1)]>(T1, T2, function_traits<T2>::result_type *)",32,0.056866,0.0017771,0.0017770625,0.008290979176421256
state_mx8,other,"void at::native::unrolled_elementwise_kernel<at::native::CUDAFunctorOnSelf_add<long>, std::array<char *, (unsigned long)2>, (int)4, TrivialOffsetCalculator<(int)1, unsigned int>, TrivialOffsetCalculator<(int)1, unsigned int>, at::native::memory::LoadWithoutCast, at::native::memory::StoreWithoutCast>(int, T1, T2, T4, T5, T6, T7)",16,0.035071,0.0021919,0.00109596875,0.005113300226783489
state_mx8,other,"void at::native::vectorized_elementwise_kernel<(int)4, at::native::CUDAFunctorOnSelf_add<long>, std::array<char *, (unsigned long)2>>(int, T2, T3)",8,0.01824,0.00228,0.00057,0.002659365177398159
state_mx8,other,"void at::native::vectorized_elementwise_kernel<(int)2, at::native::CUDAFunctorOnSelf_add<long>, std::array<char *, (unsigned long)2>>(int, T2, T3)",8,0.017857,0.0022321,0.00055803125,0.0026035243406139765
kv_int4_state_mx8,other,ampere_bf16_s16816gemm_bf16_64x64_sliced1x2_ldg8_f2f_stages_64x5_tn,1568,192.440739,0.12273010000000001,6.01377309375,27.15104690459657
kv_int4_state_mx8,attention_kv_int4,_int4_decode_attention_kernel,128,151.720669,1.1853177,4.74127090625,21.40594045638003
kv_int4_state_mx8,mamba_state_update_requant_mx8,_state_update_requant_mx8_row_kernel,768,143.778943,0.18721220000000002,4.49309196875,20.285459542359774
kv_int4_state_mx8,other,ampere_bf16_s16816gemm_bf16_128x64_ldg8_f2f_stages_64x4_tn,768,78.547478,0.10227539999999999,2.4546086875,11.08209348237728
kv_int4_state_mx8,other,ampere_bf16_s16816gemm_bf16_64x64_sliced1x2_ldg8_f2f_stages_64x6_tn,1024,52.851501,0.0516128,1.65160940625,7.45670376286246
kv_int4_state_mx8,other,"void at::native::unrolled_elementwise_kernel<at::native::direct_copy_kernel_cuda(at::TensorIteratorBase &)::[lambda() (instance 3)]::operator ()() const::[lambda() (instance 7)]::operator ()() const::[lambda(float) (instance 1)], std::array<char *, (unsigned long)2>, (int)4, TrivialOffsetCalculator<(int)1, unsigned int>, TrivialOffsetCalculator<(int)1, unsigned int>, at::native::memory::LoadWithCast<(int)1>, at::native::memory::StoreWithCast<(int)1>>(int, T1, T2, T4, T5, T6, T7)",4192,17.547237,0.004185899999999999,0.54835115625,2.475701648771326
kv_int4_state_mx8,other,"void at::native::reduce_kernel<(int)512, (int)1, at::native::ReduceOp<float, at::native::MeanOps<float, float, float, float>, unsigned int, float, (int)4>>(T3)",1696,13.768655,0.0081183,0.43027046875,1.9425897014363893
kv_int4_state_mx8,other,"void at::native::elementwise_kernel<(int)128, (int)2, void at::native::gpu_kernel_impl_nocast<at::native::BinaryFunctor<float, float, float, at::native::binary_internal::MulFunctor<float>>>(at::TensorIteratorBase &, const T1 &)::[lambda(int) (instance 1)]>(int, T3)",3392,10.998621,0.0032425,0.34370690625,1.5517716062027844
kv_int4_state_mx8,other,"void cublasLt::splitKreduce_kernel<(int)32, (int)16, int, __nv_bfloat16, __nv_bfloat16, float, __nv_bfloat16, (bool)1, (bool)0, (bool)0>(cublasLt::cublasSplitKParams<T6>, const T4 *, const T5 *, T5 *, const T6 *, const T6 *, const T7 *, const T4 *, T7 *, void *, long, T6 *, int *)",1536,7.854841,0.0051138,0.24546378125,1.1082224976237918
kv_int4_state_mx8,other,"void at::native::vectorized_elementwise_kernel<(int)4, at::native::CUDAFunctor_add<c10::BFloat16>, std::array<char *, (unsigned long)3>>(int, T2, T3)",1664,4.404975,0.0026471999999999997,0.13765546875,0.6214883785006421
kv_int4_state_mx8,mamba_conv_update,"void causal_conv1d_update_kernel<Causal_conv1d_update_kernel_traits<(int)64, (int)4, c10::BFloat16, c10::BFloat16>, (bool)0>(ConvParamsBase)",768,4.083234,0.0053167,0.1276010625,0.5760946379261382
kv_int4_state_mx8,other,"void at::native::vectorized_elementwise_kernel<(int)4, at::native::bfloat16_copy_kernel_cuda(at::TensorIteratorBase &)::[lambda(float) (instance 1)], std::array<char *, (unsigned long)2>>(int, T2, T3)",1696,3.51511,0.0020726,0.1098471875,0.49593925371912256
kv_int4_state_mx8,other,"void at::native::vectorized_elementwise_kernel<(int)4, void at::native::<unnamed>::pow_tensor_scalar_kernel_impl<float, float>(at::TensorIteratorBase &, T2)::[lambda(float) (instance 1)], std::array<char *, (unsigned long)2>>(int, T2, T3)",1696,3.340388,0.0019695999999999997,0.104387125,0.4712881053088844
kv_int4_state_mx8,other,"void at::native::vectorized_elementwise_kernel<(int)4, at::native::rsqrt_kernel_cuda(at::TensorIteratorBase &)::[lambda() (instance 2)]::operator ()() const::[lambda() (instance 2)]::operator ()() const::[lambda(float) (instance 1)], std::array<char *, (unsigned long)2>>(int, T2, T3)",1696,3.243556,0.0019125,0.101361125,0.4576262882345594
kv_int4_state_mx8,other,"void at::native::vectorized_elementwise_kernel<(int)4, at::native::CUDAFunctorOnSelf_add<float>, std::array<char *, (unsigned long)2>>(int, T2, T3)",1696,3.149123,0.0018568,0.09841009375,0.44430294087232675
kv_int4_state_mx8,other,void cutlass::Kernel2<cutlass_80_tensorop_s16816gemm_bf16_64x64_64x6_tn_align8>(T1::Params),256,2.423684,0.0094675,0.075740125,0.3419523241693654
kv_int4_state_mx8,other,"void at::native::vectorized_elementwise_kernel<(int)4, at::native::<unnamed>::launch_clamp_scalar(at::TensorIteratorBase &, c10::Scalar, c10::Scalar, at::native::detail::ClampLimits)::[lambda() (instance 1)]::operator ()() const::[lambda() (instance 9)]::operator ()() const::[lambda(c10::BFloat16) (instance 1)], std::array<char *, (unsigned long)2>>(int, T2, T3)",768,2.372521,0.0030892,0.07414128125,0.3347338473541216
kv_int4_state_mx8,other,_layer_norm_fwd_1pass_kernel,768,2.282408,0.0029719,0.07132525,0.3220199994317547
kv_int4_state_mx8,other,"void at::native::vectorized_elementwise_kernel<(int)4, void at::native::<unnamed>::pow_tensor_scalar_kernel_impl<c10::BFloat16, c10::BFloat16>(at::TensorIteratorBase &, T2)::[lambda(c10::BFloat16) (instance 1)], std::array<char *, (unsigned long)2>>(int, T2, T3)",768,1.890054,0.002461,0.0590641875,0.26666362368427804
kv_int4_state_mx8,other,"void at::native::vectorized_elementwise_kernel<(int)4, at::native::exp_kernel_cuda(at::TensorIteratorBase &)::[lambda() (instance 2)]::operator ()() const::[lambda() (instance 2)]::operator ()() const::[lambda(float) (instance 1)], std::array<char *, (unsigned long)2>>(int, T2, T3)",768,1.501689,0.0019553,0.04692778125,0.21187004730384412
kv_int4_state_mx8,other,"void at::native::vectorized_elementwise_kernel<(int)4, at::native::neg_kernel_cuda(at::TensorIteratorBase &)::[lambda() (instance 2)]::operator ()() const::[lambda() (instance 7)]::operator ()() const::[lambda(float) (instance 1)], std::array<char *, (unsigned long)2>>(int, T2, T3)",768,1.381724,0.0017990999999999999,0.043178875,0.19494444538173797
kv_int4_state_mx8,other,"void at::native::unrolled_elementwise_kernel<void at::native::compare_scalar_kernel<long>(at::TensorIteratorBase &, at::native::<unnamed>::OpType, T1)::[lambda(long) (instance 1)], std::array<char *, (unsigned long)2>, (int)4, TrivialOffsetCalculator<(int)1, unsigned int>, TrivialOffsetCalculator<(int)1, unsigned int>, at::native::memory::LoadWithoutCast, at::native::memory::StoreWithoutCast>(int, T1, T2, T4, T5, T6, T7)",400,1.07533,0.0026883000000000002,0.0336040625,0.15171597978492396
kv_int4_state_mx8,other,"void at::native::reduce_kernel<(int)512, (int)1, at::native::ReduceOp<long, at::native::func_wrapper_t<long, at::native::MaxNanFunctor<long>>, unsigned int, long, (int)4>>(T3)",256,1.033669,0.0040378,0.03230215625,0.14583811956171833
kv_int4_state_mx8,kv_int4_pack,_pack_int4_kv_kernel,256,0.872769,0.0034093,0.02727403125,0.123137087183384
kv_int4_state_mx8,other,"void cublasLt::splitKreduce_kernel<(int)32, (int)16, int, float, __nv_bfloat16, float, __nv_bfloat16, (bool)1, (bool)0, (bool)0>(cublasLt::cublasSplitKParams<T6>, const T4 *, const T5 *, T5 *, const T6 *, const T6 *, const T7 *, const T4 *, T7 *, void *, long, T6 *, int *)",256,0.727001,0.0028398000000000004,0.02271878125,0.10257099589857951
kv_int4_state_mx8,other,"void at::native::vectorized_elementwise_kernel<(int)2, void at::native::compare_scalar_kernel<long>(at::TensorIteratorBase &, at::native::<unnamed>::OpType, T1)::[lambda(long) (instance 1)], std::array<char *, (unsigned long)2>>(int, T2, T3)",200,0.550468,0.0027523,0.017202125,0.07766433742223086
kv_int4_state_mx8,other,"void at::native::vectorized_elementwise_kernel<(int)4, void at::native::compare_scalar_kernel<long>(at::TensorIteratorBase &, at::native::<unnamed>::OpType, T1)::[lambda(long) (instance 1)], std::array<char *, (unsigned long)2>>(int, T2, T3)",200,0.54877,0.0027438000000000002,0.0171490625,0.07742477028128363
kv_int4_state_mx8,other,"void at::native::<unnamed>::indexSelectSmallIndex<c10::BFloat16, long, unsigned int, (int)-1, (int)-1, (int)-1>(at::cuda::detail::TensorInfo<T1, T3>, at::cuda::detail::TensorInfo<const T1, T3>, at::cuda::detail::TensorInfo<const T2, T3>, int, int, T3, long)",32,0.403839,0.01262,0.01261996875,0.05697676951295315
kv_int4_state_mx8,other,"void at::native::unrolled_elementwise_kernel<at::native::BinaryFunctor<c10::BFloat16, c10::BFloat16, c10::BFloat16, at::native::binary_internal::MulFunctor<float>>, std::array<char *, (unsigned long)3>, (int)4, TrivialOffsetCalculator<(int)2, unsigned int>, TrivialOffsetCalculator<(int)1, unsigned int>, at::native::memory::LoadWithCast<(int)2>, at::native::memory::StoreWithCast<(int)1>>(int, T1, T2, T4, T5, T6, T7)",32,0.176832,0.005526,0.005526,0.024948843738506015
kv_int4_state_mx8,other,"void at::native::elementwise_kernel<(int)128, (int)4, void at::native::gpu_kernel_impl_nocast<at::native::<unnamed>::CompareFunctor<long>>(at::TensorIteratorBase &, const T1 &)::[lambda(int) (instance 1)]>(int, T3)",32,0.108512,0.003391,0.003391,0.015309722967295315
kv_int4_state_mx8,other,"void <unnamed>::elementwise_kernel_with_index<int, at::native::arange_cuda_out(const c10::Scalar &, const c10::Scalar &, const c10::Scalar &, at::Tensor &)::[lambda() (instance 1)]::operator ()() const::[lambda() (instance 4)]::operator ()() const::[lambda(long) (instance 1)]>(T1, T2, function_traits<T2>::result_type *)",32,0.057023,0.001782,0.00178196875,0.008045251518395023
kv_int4_state_mx8,other,"void at::native::vectorized_elementwise_kernel<(int)4, at::native::FillFunctor<c10::BFloat16>, std::array<char *, (unsigned long)1>>(int, T2, T3)",32,0.055648,0.001739,0.001739,0.00785125574760441
kv_int4_state_mx8,other,"void at::native::unrolled_elementwise_kernel<at::native::CUDAFunctorOnSelf_add<long>, std::array<char *, (unsigned long)2>, (int)4, TrivialOffsetCalculator<(int)1, unsigned int>, TrivialOffsetCalculator<(int)1, unsigned int>, at::native::memory::LoadWithoutCast, at::native::memory::StoreWithoutCast>(int, T1, T2, T4, T5, T6, T7)",16,0.035167,0.0021979,0.00109896875,0.004961635833740732
kv_int4_state_mx8,other,"void at::native::vectorized_elementwise_kernel<(int)2, at::native::CUDAFunctorOnSelf_add<long>, std::array<char *, (unsigned long)2>>(int, T2, T3)",8,0.018176,0.002272,0.000568,0.0025644124581019577
kv_int4_state_mx8,other,"void at::native::vectorized_elementwise_kernel<(int)4, at::native::CUDAFunctorOnSelf_add<long>, std::array<char *, (unsigned long)2>>(int, T2, T3)",8,0.017984,0.002248,0.000562,0.0025373235941079228
